{"cameraMode":{"drawMode":0,"name":"Shaded","section":"Shading Mode"},"sceneLighting":false,"audioPlay":false,"sceneViewState":{"showFog":true,"showMaterialUpdate":false,"showSkybox":false,"showFlares":true,"showImageEffects":true,"showParticleSystems":true},"in2DMode":false,"pivot":{"x":3.814817428588867,"y":6.23524284362793,"z":2.793896198272705},"rotation":{"x":-0.17232981324195863,"y":0.819439709186554,"z":-0.31717991828918459,"w":-0.4452168047428131},"size":2.8578836917877199,"orthographic":false}