{"cameraMode":{"drawMode":0,"name":"Shaded","section":"Shading Mode"},"sceneLighting":true,"audioPlay":false,"sceneViewState":{"showFog":true,"showMaterialUpdate":false,"showSkybox":true,"showFlares":true,"showImageEffects":true,"showParticleSystems":true},"in2DMode":false,"pivot":{"x":-21.85162925720215,"y":-27.195194244384767,"z":-10.746007919311524},"rotation":{"x":-0.24839092791080476,"y":0.7381274700164795,"z":-0.3541102707386017,"w":-0.5177602767944336},"size":40.62116622924805,"orthographic":false}